file,label,utt_type
id00020/00074.wav,id00020,bonafide
id00018/00053.wav,id00018,bonafide
id00018/00142.wav,id00018,bonafide
id01006/voice_conversion/id01006_vc_00003.wav,id01006,voice_conversion
id00017/00019.wav,id00017,bonafide
id01006/voice_conversion/id01006_vc_00073.wav,id01006,voice_conversion
id00013/00007.wav,id00013,bonafide
id01128/replay/id01128_replay_00035.wav,id01128,replay
id00020/00050.wav,id00020,bonafide
id01125/replay/id01125_replay_00031.wav,id01125,replay
id01128/replay/id01128_replay_00028.wav,id01128,replay
id00006/00024.wav,id00006,bonafide
id01125/replay/id01125_replay_00027.wav,id01125,replay
id00001/00002.wav,id00001,bonafide
id01003/adversarial_attack/00136.wav,id01003,adversarial_attack
id01003/adversarial_attack/00229.wav,id01003,adversarial_attack
id00017/00018.wav,id00017,bonafide
id01006/voice_conversion/id01006_vc_00011.wav,id01006,voice_conversion
id01128/replay/id01128_replay_00009.wav,id01128,replay
id01006/adversarial_attack/00341.wav,id01006,adversarial_attack
id01005/voice_conversion/id01005_vc_00011.wav,id01005,voice_conversion
id01003/adversarial_attack/00248.wav,id01003,adversarial_attack
id00013/00049.wav,id00013,bonafide
id01125/replay/id01125_replay_00025.wav,id01125,replay
id01006/adversarial_attack/00320.wav,id01006,adversarial_attack
id00001/00046.wav,id00001,bonafide
id01125/replay/id01125_replay_00029.wav,id01125,replay
id00002/00006.wav,id00002,bonafide
id01006/voice_conversion/id01006_vc_00012.wav,id01006,voice_conversion
id00018/00075.wav,id00018,bonafide
id01125/replay/id01125_replay_00024.wav,id01125,replay
id01006/voice_conversion/id01006_vc_00038.wav,id01006,voice_conversion
id01003/adversarial_attack/00180.wav,id01003,adversarial_attack
id01006/voice_conversion/id01006_vc_00061.wav,id01006,voice_conversion
id01005/voice_conversion/id01005_vc_00013.wav,id01005,voice_conversion
id00019/00007.wav,id00019,bonafide
id00003/00073.wav,id00003,bonafide
id01128/replay/id01128_replay_00019.wav,id01128,replay
id00017/00017.wav,id00017,bonafide
id01007/voice_conversion/id01007_vc_00020.wav,id01007,voice_conversion
id01006/voice_conversion/id01006_vc_00055.wav,id01006,voice_conversion
id01006/voice_conversion/id01006_vc_00129.wav,id01006,voice_conversion
id00004/00053.wav,id00004,bonafide
id01125/bonafide/00027.wav,id01125,bonafide
id01006/adversarial_attack/00365.wav,id01006,adversarial_attack
id01128/bonafide/00005.wav,id01128,bonafide
id01128/bonafide/00035.wav,id01128,bonafide
id01004/adversarial_attack/00270.wav,id01004,adversarial_attack
id01003/adversarial_attack/00197.wav,id01003,adversarial_attack
id01124/replay/id01124_replay_00039.wav,id01124,replay
id01125/bonafide/00031.wav,id01125,bonafide
id00001/00007.wav,id00001,bonafide
id00002/00012.wav,id00002,bonafide
id01006/adversarial_attack/00413.wav,id01006,adversarial_attack
id01006/adversarial_attack/00339.wav,id01006,adversarial_attack
id01005/voice_conversion/id01005_vc_00001.wav,id01005,voice_conversion
id01003/adversarial_attack/00177.wav,id01003,adversarial_attack
id00004/00024.wav,id00004,bonafide
id01125/replay/id01125_replay_00039.wav,id01125,replay
id00002/00031.wav,id00002,bonafide
id00002/00040.wav,id00002,bonafide
id00008/00008.wav,id00008,bonafide
id00002/00011.wav,id00002,bonafide
id01006/voice_conversion/id01006_vc_00136.wav,id01006,voice_conversion
id00013/00039.wav,id00013,bonafide
id01006/voice_conversion/id01006_vc_00119.wav,id01006,voice_conversion
id00018/00012.wav,id00018,bonafide
id01005/voice_conversion/id01005_vc_00010.wav,id01005,voice_conversion
id00003/00077.wav,id00003,bonafide
id01006/voice_conversion/id01006_vc_00107.wav,id01006,voice_conversion
id00006/00011.wav,id00006,bonafide
id01128/replay/id01128_replay_00008.wav,id01128,replay
id01125/bonafide/00002.wav,id01125,bonafide
id00000/00010.wav,id00000,bonafide
id01124/replay/id01124_replay_00020.wav,id01124,replay
id01006/voice_conversion/id01006_vc_00082.wav,id01006,voice_conversion
id01128/bonafide/00033.wav,id01128,bonafide
id01005/adversarial_attack/00288.wav,id01005,adversarial_attack
id01003/adversarial_attack/00132.wav,id01003,adversarial_attack
id00019/00003.wav,id00019,bonafide
id00006/00041.wav,id00006,bonafide
id00006/00049.wav,id00006,bonafide
id00000/00018.wav,id00000,bonafide
id00003/00005.wav,id00003,bonafide
id01007/voice_conversion/id01007_vc_00019.wav,id01007,voice_conversion
id01007/bonafide/00004.wav,id01007,bonafide
id00004/00031.wav,id00004,bonafide
id00020/00002.wav,id00020,bonafide
id01006/voice_conversion/id01006_vc_00026.wav,id01006,voice_conversion
id00018/00007.wav,id00018,bonafide
id01005/voice_conversion/id01005_vc_00006.wav,id01005,voice_conversion
id00002/00043.wav,id00002,bonafide
id01124/replay/id01124_replay_00030.wav,id01124,replay
id00008/00003.wav,id00008,bonafide
id00003/00025.wav,id00003,bonafide
id01006/voice_conversion/id01006_vc_00057.wav,id01006,voice_conversion
id00006/00029.wav,id00006,bonafide
id00003/00085.wav,id00003,bonafide
id00001/00051.wav,id00001,bonafide
id00017/00003.wav,id00017,bonafide
id01004/bonafide/00001.wav,id01004,bonafide
id00004/00038.wav,id00004,bonafide
id01127/replay/id01127_replay_00007.wav,id01127,replay
id01003/adversarial_attack/00259.wav,id01003,adversarial_attack
id01125/replay/id01125_replay_00003.wav,id01125,replay
id00020/00057.wav,id00020,bonafide
id00017/00022.wav,id00017,bonafide
id01006/voice_conversion/id01006_vc_00083.wav,id01006,voice_conversion
id01127/bonafide/00010.wav,id01127,bonafide
id01006/voice_conversion/id01006_vc_00072.wav,id01006,voice_conversion
id00001/00031.wav,id00001,bonafide
id00018/00107.wav,id00018,bonafide
id01006/voice_conversion/id01006_vc_00021.wav,id01006,voice_conversion
id00018/00118.wav,id00018,bonafide
id00013/00060.wav,id00013,bonafide
id00004/00015.wav,id00004,bonafide
id01003/adversarial_attack/00205.wav,id01003,adversarial_attack
id01006/voice_conversion/id01006_vc_00112.wav,id01006,voice_conversion
id01128/bonafide/00026.wav,id01128,bonafide
id00002/00020.wav,id00002,bonafide
id01003/adversarial_attack/00260.wav,id01003,adversarial_attack
id00003/00014.wav,id00003,bonafide
id01128/bonafide/00009.wav,id01128,bonafide
id00006/00000.wav,id00006,bonafide
id01007/voice_conversion/id01007_vc_00001.wav,id01007,voice_conversion
id00001/00048.wav,id00001,bonafide
id00002/00037.wav,id00002,bonafide
id00020/00029.wav,id00020,bonafide
id01128/replay/id01128_replay_00025.wav,id01128,replay
id01006/adversarial_attack/00318.wav,id01006,adversarial_attack
id01125/bonafide/00021.wav,id01125,bonafide
id01006/voice_conversion/id01006_vc_00056.wav,id01006,voice_conversion
id00017/00012.wav,id00017,bonafide
id01128/replay/id01128_replay_00010.wav,id01128,replay
id01005/adversarial_attack/00276.wav,id01005,adversarial_attack
id01006/voice_conversion/id01006_vc_00054.wav,id01006,voice_conversion
id01128/bonafide/00031.wav,id01128,bonafide
id00011/00007.wav,id00011,bonafide
id00013/00018.wav,id00013,bonafide
id01003/adversarial_attack/00200.wav,id01003,adversarial_attack
id01006/adversarial_attack/00430.wav,id01006,adversarial_attack
id00001/00023.wav,id00001,bonafide
id01125/replay/id01125_replay_00013.wav,id01125,replay
id01128/replay/id01128_replay_00026.wav,id01128,replay
id00003/00046.wav,id00003,bonafide
id00020/00008.wav,id00020,bonafide
id01003/adversarial_attack/00187.wav,id01003,adversarial_attack
id01127/replay/id01127_replay_00029.wav,id01127,replay
id01127/replay/id01127_replay_00030.wav,id01127,replay
id00019/00012.wav,id00019,bonafide
id00020/00056.wav,id00020,bonafide
id01128/replay/id01128_replay_00024.wav,id01128,replay
id01003/voice_conversion/id01003_vc_00135.wav,id01003,voice_conversion
id01005/voice_conversion/id01005_vc_00015.wav,id01005,voice_conversion
id01007/voice_conversion/id01007_vc_00003.wav,id01007,voice_conversion
id01125/replay/id01125_replay_00022.wav,id01125,replay
id00002/00016.wav,id00002,bonafide
id01006/voice_conversion/id01006_vc_00087.wav,id01006,voice_conversion
id00006/00034.wav,id00006,bonafide
id00008/00005.wav,id00008,bonafide
id01006/voice_conversion/id01006_vc_00093.wav,id01006,voice_conversion
id00006/00042.wav,id00006,bonafide
id01006/adversarial_attack/00296.wav,id01006,adversarial_attack
id00018/00101.wav,id00018,bonafide
id01127/bonafide/00028.wav,id01127,bonafide
id01127/replay/id01127_replay_00001.wav,id01127,replay
id01006/adversarial_attack/00406.wav,id01006,adversarial_attack
id00002/00034.wav,id00002,bonafide
id01006/voice_conversion/id01006_vc_00051.wav,id01006,voice_conversion
id01003/adversarial_attack/00160.wav,id01003,adversarial_attack
id01124/replay/id01124_replay_00015.wav,id01124,replay
id00020/00003.wav,id00020,bonafide
id01006/adversarial_attack/00378.wav,id01006,adversarial_attack
id00003/00004.wav,id00003,bonafide
id00020/00000.wav,id00020,bonafide
id00006/00023.wav,id00006,bonafide
id00018/00100.wav,id00018,bonafide
id01003/adversarial_attack/00174.wav,id01003,adversarial_attack
id00021/00007.wav,id00021,bonafide
id01006/adversarial_attack/00315.wav,id01006,adversarial_attack
id00018/00125.wav,id00018,bonafide
id00000/00022.wav,id00000,bonafide
id00001/00060.wav,id00001,bonafide
id00006/00003.wav,id00006,bonafide
id00000/00005.wav,id00000,bonafide
id00003/00002.wav,id00003,bonafide
id01003/adversarial_attack/00195.wav,id01003,adversarial_attack
id00018/00071.wav,id00018,bonafide
id01003/adversarial_attack/00224.wav,id01003,adversarial_attack
id00018/00047.wav,id00018,bonafide
id01003/adversarial_attack/00238.wav,id01003,adversarial_attack
id01128/bonafide/00022.wav,id01128,bonafide
id00010/00011.wav,id00010,bonafide
id00013/00013.wav,id00013,bonafide
id01006/adversarial_attack/00396.wav,id01006,adversarial_attack
id01006/voice_conversion/id01006_vc_00102.wav,id01006,voice_conversion
id01124/replay/id01124_replay_00017.wav,id01124,replay
id01125/replay/id01125_replay_00001.wav,id01125,replay
id00002/00044.wav,id00002,bonafide
id00003/00009.wav,id00003,bonafide
id00018/00054.wav,id00018,bonafide
id01127/replay/id01127_replay_00011.wav,id01127,replay
id01006/voice_conversion/id01006_vc_00135.wav,id01006,voice_conversion
id01125/replay/id01125_replay_00005.wav,id01125,replay
id01004/bonafide/00007.wav,id01004,bonafide
id01003/adversarial_attack/00157.wav,id01003,adversarial_attack
id01006/adversarial_attack/00329.wav,id01006,adversarial_attack
id01128/replay/id01128_replay_00031.wav,id01128,replay
id01128/bonafide/00030.wav,id01128,bonafide
id01006/voice_conversion/id01006_vc_00048.wav,id01006,voice_conversion
id01003/adversarial_attack/00241.wav,id01003,adversarial_attack
id00001/00019.wav,id00001,bonafide
id00004/00030.wav,id00004,bonafide
id00018/00120.wav,id00018,bonafide
id01128/bonafide/00004.wav,id01128,bonafide
id00003/00013.wav,id00003,bonafide
id01128/bonafide/00038.wav,id01128,bonafide
id01006/adversarial_attack/00351.wav,id01006,adversarial_attack
id01004/voice_conversion/id01004_vc_00000.wav,id01004,voice_conversion
id01003/adversarial_attack/00236.wav,id01003,adversarial_attack
id01128/replay/id01128_replay_00000.wav,id01128,replay
id01006/voice_conversion/id01006_vc_00127.wav,id01006,voice_conversion
id01006/adversarial_attack/00422.wav,id01006,adversarial_attack
id01125/replay/id01125_replay_00014.wav,id01125,replay
id00003/00003.wav,id00003,bonafide
id01006/voice_conversion/id01006_vc_00089.wav,id01006,voice_conversion
id00018/00065.wav,id00018,bonafide
id01125/replay/id01125_replay_00012.wav,id01125,replay
id01006/voice_conversion/id01006_vc_00069.wav,id01006,voice_conversion
id01006/voice_conversion/id01006_vc_00049.wav,id01006,voice_conversion
id01125/replay/id01125_replay_00028.wav,id01125,replay
id01128/bonafide/00025.wav,id01128,bonafide
id00003/00041.wav,id00003,bonafide
id00018/00106.wav,id00018,bonafide
id01128/replay/id01128_replay_00020.wav,id01128,replay
id00004/00040.wav,id00004,bonafide
id01125/replay/id01125_replay_00000.wav,id01125,replay
id01006/adversarial_attack/00292.wav,id01006,adversarial_attack
id01003/adversarial_attack/00230.wav,id01003,adversarial_attack
id01125/bonafide/00013.wav,id01125,bonafide
id00006/00007.wav,id00006,bonafide
id01127/replay/id01127_replay_00016.wav,id01127,replay
id01127/bonafide/00002.wav,id01127,bonafide
id01125/replay/id01125_replay_00011.wav,id01125,replay
id00000/00016.wav,id00000,bonafide
id01125/replay/id01125_replay_00037.wav,id01125,replay
id01006/adversarial_attack/00352.wav,id01006,adversarial_attack
id00018/00090.wav,id00018,bonafide
id01006/voice_conversion/id01006_vc_00005.wav,id01006,voice_conversion
id01003/adversarial_attack/00201.wav,id01003,adversarial_attack
id01005/adversarial_attack/00274.wav,id01005,adversarial_attack
id01128/replay/id01128_replay_00017.wav,id01128,replay
id00003/00078.wav,id00003,bonafide
id00003/00044.wav,id00003,bonafide
id01006/bonafide/00000.wav,id01006,bonafide
id01125/replay/id01125_replay_00017.wav,id01125,replay
