"shard","size_bytes","sha256","status"
"train-00000-of-00432.parquet","78487614","81a87ada92cad1ddb2be64f8625c89e6cec214b5ad2b506d025487d907f75ea6","available"
"train-00001-of-00432.parquet","78074698","8feb70311373c9b62e4980a7ca7cdab29bc842ecd3eb763f34fd4c23e9bca83b","available"
"train-00002-of-00432.parquet","70504633","a48e840f19e51a54c0e3d86a7658679b979dc8a147b5ca8bd76d1c069bcdf73e","available"
"train-00009-of-00432.parquet","82930845","a7a78248dd8afc830ce1396727a0e79e3a4d0d0c0dca9a7bd0a9a6c537b868fe","available"
"train-00018-of-00432.parquet","96544041","23b7e8a9a9d24cd04177f9e7f7ee0716b31ca4e075a712657318b85de5d66e66","available"
"train-00028-of-00432.parquet","71899814","46332f894300d94e55b7a678391a7cd5790685d6bf7b8deb4f7f7d8254621160","available"
"train-00037-of-00432.parquet","88693203","7b60c71d9507ec7f0341df596eccc2803a071456e5885041f891c66f9849ef54","available"
"train-00040-of-00432.parquet","108244112","74d8b70ff939b049ca346b696d8cec75997fe238838f10528e8a85637c587939","available"
"train-00046-of-00432.parquet","82925619","6a93c6db4b89ec55b40a0467538802f4e0b18f2896f71bac62302a9b444e540f","available"
"train-00055-of-00432.parquet","92712962","5a8df08180f685a257e57e1daa86e0bcba27febd3653607fd536bcc6ac0b2df2","available"
"train-00064-of-00432.parquet","85722979","0d9f2ea36395cec6c3d57d6b2cd06298931cc7b5b30c6d2367c5ffabfcf44964","available"
"train-00067-of-00432.parquet","120667397","d09b964cc7056d2a6e9c2eba88a624b22776708fc532e07c37c92b8a85de3059","available"
"train-00073-of-00432.parquet","76914393","31e6d38b6b768a0ee6fb942a7985f32f67085c3b1d941760b35e0f2e145dac12","available"
"train-00083-of-00432.parquet","138223700","69128cd29b9807b8d69a7049758c1b9ed500ac87d11636016a797f15b1d3a101","available"
"train-00085-of-00432.parquet","104042680","4621e28442803e9a8e176d1e64b6569d8721c55049881bc665068b55275222e1","available"
"train-00092-of-00432.parquet","107123439","f3764ee06a2494fe76325afda27e0b8497645a541673f1e7d97fa65be50369bd","available"
"train-00101-of-00432.parquet","97613080","fb7c7aa9a7236b1ef44de1503cfaf5cb849300bdf24c17cda65cca525710fa3c","available"
"train-00103-of-00432.parquet","111114172","6d88bf4497ae7e5f223ac375f17e39266186b80336cb901ec08ef4bd79454244","available"
"train-00110-of-00432.parquet","131448566","8239bc4d7a4ea3387f50a07331cd72f645fa4ba95ed1b1fa61b3ca61d092c3cb","available"
"train-00119-of-00432.parquet","123567859","12b21ddacc61dac32b0bf044316801af2150b737c22ed99f6bb274c546e0fce0","available"
"train-00128-of-00432.parquet","119338375","ada9c4720f29d52c4f415e417de1ebfeab763fdd8b75dc8479edadde9a14bebd","available"
"train-00138-of-00432.parquet","173280222","73669b35b9e9e8aeae73c257530d891b97b33d055ab0a7bd7af6a8e9bf0c50c7","available"
"train-00139-of-00432.parquet","166914292","9f6f942273fdf2721d30525e376793d45901a350372746d4aace15b0355def65","available"
"train-00147-of-00432.parquet","191305063","1468f3b7b72955d19d8ac75309c00d04f5088bdf9ba162aec2b5649b514e4f43","available"
"train-00148-of-00432.parquet","199113220","c2520aea38f9e6a2479a4ef6b4d512b1c401c03f8a992eee85cd775307e55f70","available"
"train-00156-of-00432.parquet","253323624","8e9162082c216fd4f627abbc3af022d9a6219ce30b1d2de614a627b2858f4f90","available"
"train-00157-of-00432.parquet","192366954","7fbfdd02dc6bc8a37936f067f2c973678a8deb9d15692b2f41c8f96511885bfa","available"
"train-00165-of-00432.parquet","101009868","1d29f661224d53ee2b9b42b8850b168a41b41152df54a25248b4403aebabda82","available"
"train-00166-of-00432.parquet","140742805","ecf487d500d81c6457a092448321153090051a71ddcd0b4bca1452ca3dd3f8fa","available"
"train-00171-of-00432.parquet","153161940","cbc8a34d581e99f45099678d4961e12d1f2148a702ff6988d441554fc638fe39","available"
"train-00174-of-00432.parquet","164367189","14e44916e00ec75ada7eea2844cb69438fcd014e10f92f764e415b8c68a62e49","available"
"train-00183-of-00432.parquet","185245728","22e6b7c7a60f60c718c32795cb405e0aa07544ea98178bf334ad083a9259c406","available"
"train-00193-of-00432.parquet","145803906","9097739cb0142a0dba05ceb8a7a5a7e0d2e245eff82b5297c05572bb0d584161","available"
"train-00202-of-00432.parquet","217254462","6ef5d266ca0e5d43b45298a269ec83fd125979c4bf7626f1dad444c06f43107e","available"
"train-00211-of-00432.parquet","177077857","3d651110f5c3cbe1b0ef695a733fc6dd1ee060726cc7877207794a3a1b4a02cf","available"
"train-00220-of-00432.parquet","181144965","74dde0b3060047ee2d5c587d896f487c82d7337c69d58d96affdc6fe9fbccfff","available"
"train-00229-of-00432.parquet","164766855","8c3ab0f181f0df8168547473ff826d51d0ad45d8e319655e23db852f68429406","available"
"train-00238-of-00432.parquet","183581253","50dbe53832a0c0afbd77ef094625202e0b52b5c24b8dbbf3524b8459b4731c64","available"
"train-00247-of-00432.parquet","186550148","be193e2ba5f208e83c12857daf94af34a0972d72e1b319010b557a5d46395cab","available"
"train-00248-of-00432.parquet","182761581","a28ce16dc5dfdd04e4f1b458983a29dcd66785951e7ddeeb2f0cda02b1eeb547","available"
"train-00250-of-00432.parquet","183532701","7f0b8d1397d1b074cdf58a0aea6a47ea9a8cf38eae826f513b94210c53d334f9","available"
"train-00257-of-00432.parquet","148829363","ca8f4e1d2573a1e8245408161a4089d8bba5c65989670bce4dcd49313a05b37f","available"
"train-00266-of-00432.parquet","154643409","f2f6f1af8c4e1d2f498b5f52d6bff09d085efd9e18bd475161b33891ed1255ad","available"
"train-00274-of-00432.parquet","124947457","dfe96912f9b7e9ef73dc0b657edcde758bde709c970773e77b0c1b35f15c82b8","available"
"train-00275-of-00432.parquet","126096020","2439f2a9279b387fb7dd24454d853a3c612c5c26c5595cd68a5e85484f000be1","available"
"train-00276-of-00432.parquet","141103218","210946adcccdadb3ce8b4c1a7b445e92186373964114a8d64aabc318506d40b9","available"
"train-00284-of-00432.parquet","67738343","32956ab4091632eff4ffd8f53a7e4fc809244df5b0e057721ec88744d7b2f06d","available"
"train-00292-of-00432.parquet","142132218","cc0b4796cb6118b8b28a42068b4e94b68d6ee31992cc49b86fd8a311de131391","available"
"train-00293-of-00432.parquet","135693326","73eee10f51444ceeb01d7ab8388b923a0d0e266e173a841b6c3c12d39ab4d78a","available"
"train-00294-of-00432.parquet","138871406","4f70db562f4cb1749e86f71b22ef9265fea2db5d0afc7209e8ca5300ecbe6eff","available"
"train-00303-of-00432.parquet","222334246","2d9c53df8cd553ad5f3623c62964c5d0a31c2e6873270a4c0819c388c971be2d","available"
"train-00312-of-00432.parquet","184705763","df29d6646052c47a1699206d08ce7f7e5e61b4d30b3c87e771a4a9396bfa1075","available"
"train-00319-of-00432.parquet","164856179","590c9eba18b697cad1aa575cc9732227497f762e5dac83b8382a5c3954afbabd","available"
"train-00321-of-00432.parquet","145671478","f0777e095538e687784dd8c1a2779128a7aad8c306af5c8adf77ab9e4f20aa3b","available"
"train-00328-of-00432.parquet","172163135","05102f2f634ecaf8d1f98d8f885716ff66853012007c9f91b5edfbc803b9373c","available"
"train-00330-of-00432.parquet","157494261","69d349c3ef7ab1a78038421f9b9422863c730dc5fc7fa1ea8c90f7ae7c724fdc","available"
"train-00339-of-00432.parquet","103778852","c964546193a17c1f16f5b6e6183964c5306edb42a97aeae75614da72ead681fa","available"
"train-00348-of-00432.parquet","135869353","c6c7854636cc0463473b29b549d60ec5bf6476e72d7762686452bb95a1ad8984","available"
"train-00355-of-00432.parquet","142000610","c1ac936c5f7fc4413a5216f28a6c77dabf743bb44892f928c14f5e0da85a0def","available"
"train-00358-of-00432.parquet","174033359","65409e1fb9d5a07fc39cd02070d75b7c6a275f28379fbf95a95846dffa59fd53","available"
"train-00367-of-00432.parquet","146467232","cbae4c06ae1074481cd3a90b945c2715030f1f937b21db18da85337ba09f3e4a","available"
"train-00376-of-00432.parquet","112088208","6b11d5dbf70151b9fa1402bae58a7e93b1a18da7cc0731151307fecffd0894b1","available"
"train-00385-of-00432.parquet","116583350","db903cd2e4fdef1a10b2ac678b54dd8f8ea63bb57784bf182216cfcf64000965","available"
"train-00394-of-00432.parquet","46935555","0a6d7e324ff2968bc245e03bb018fc3d6d9ebb1d200eeaea9023dfeacb618ea8","available"
"train-00403-of-00432.parquet","52554837","48f670ad37c5de4556f48aea05690b563ebc2d154b6f6e5c1aae27b1c35f8b8c","available"
"train-00413-of-00432.parquet","751213811","9db6a50885d3457bbef9eee7b3840be66dc1fe1951fd5b43fbd1a9a8eb90cb7d","available"
"train-00422-of-00432.parquet","338769471","9b2d26d4ed56512deddcd5a2e4ae7c84a4e2bbd1b7a70f626ffc299961f8972d","available"
"train-00431-of-00432.parquet","622855824","836007c015aba6a697fdd5c8717fbda95e729573daa0f3d8c51b92c2b97544fa","available"
